OrderID,CustomerName,Product,Category,Quantity,UnitPrice,Discount,PaymentMethod,Region,OrderDate,Rating
5001,John Smith,Wireless Mouse,Electronics,2,$29.99 ,10%,Credit Card,North,05-01-2024,5
5002,Maria Garcia,Yoga Mat,Sports,1,19.99,-,cash,South,15-01-2024,4
5003,Ahmed Khan,Bluetooth Speaker,electronics,3,$45.00 ,0.05,PayPal,East,20-01-2024,
5004,Lisa Wong,Face Cream,Beauty,,12.5,-,Debit Card,West,01-22-2024,3
5005,,Notebook Set,Home & Kitchen,4,8.99,10%,credit card,North,25-01-2024,5
5006,David Lee,Running Shoes,SPORTS,1,59.99,N/A,Cash,South,Jan 28 2024,4
5007,Sara Ahmed,Action Figure,Toys,2,14.99,0%,paypal,East,01-02-2024,2
5008,Omar Farouk,Cookware Set,home & kitchen,1,89.99,15%,Bank Transfer,West,03-02-2024,5
5009,Emily Clark,Desk Lamp,Electronics,-1,22.5,-,Credit Card,North,06-02-2024,4
5010,Noah Brown,Backpack,Clothing,2,34.99,10%,CASH,South,06-02-2024,unknown
5011,Amina Yusuf,Face Cream,beauty,5,12.5,unknown,Debit Card,East,10-02-2024,3
5012,Liam Johnson,Wireless Mouse,Electronics,three,29.99,-,Credit Card,West,10-02-2024,5
5013,Zainab Ali,Yoga Mat,Sports,1,19.99,5%,Cash,North,14-02-2024,4
5014,,Bluetooth Speaker,ELECTRONICS,2,45,-,paypal,South,15-02-2024,
5015,Karim Saleh,Running Shoes,Sports,1,59.99,10%,Credit Card,East,18-02-2024,5
5015,Karim Saleh,Running Shoes,Sports,1,59.99,10%,Credit Card,East,18-02-2024,5
5016,Grace Kim,Notebook Set,home & kitchen,3,8.99,-,cash,West,18-02-2024,4
5017,Hassan Malik,Action Figure,toys,,14.99,0.1,Debit Card,North,20-02-2024,3
5018,Olivia Turner,Cookware Set,Home & Kitchen,1,89.99,N/A,Credit Card,South,22-02-2024,
5019,Yusuf Ibrahim,Desk Lamp,electronics,2,22.5,-,PayPal,East,22-02-2024,4
5020,Sophia Rossi,Backpack,CLOTHING,1,34.99,10%,cash,West,25-02-2024,5
5021,Ibrahim Nasser,Face Cream,Beauty,,-,unknown,credit card,North,27-02-2024,2
5022,Mia Torres,Wireless Mouse,Electronics,4,29.99,0%,Cash,South,27-02-2024,4
5023,Ali Reza,Yoga Mat,sports,2,19.99,-,Debit Card,East,01-03-2024,
5024,Fatima Noor,Bluetooth Speaker,Electronics,1,45,10%,PayPal,West,01-03-2024,5
5025,Chen Wei,Running Shoes,Sports,-2,59.99,-,Credit Card,North,03-03-2024,3
5026,Anna Petrov,Notebook Set,Home & Kitchen,5,8.99,unknown,cash,South,03-03-2024,4
5027,Ravi Patel,Action Figure,Toys,2,14.99,-,Bank Transfer,East,05-03-2024,five stars
5028,Nina Kowalski,Cookware Set,home & kitchen,,89.99,10%,Credit Card,West,07-03-2024,
5029,Tom Becker,Desk Lamp,Electronics,1,22.5,-,PAYPAL,North,07-03-2024,4
